Name,Category,Ingredients,Price
Combination,Classic,Thin Crust,Tomato Sauce,Mozzarella,Pepperoni,Sausage,Mushrooms,Green Peppers,Black Olives,19.99
Meat Lovers,Gourmet,Thin Crust,Tomato Sauce,Mozzarella,Pepperoni,Sausage,Ham,Bacon,Extra Mozzarella,19.99
Garden Fresh,Vegetarian,Thin Crust,Tomato Sauce,Mozzarella,Bell Peppers,Onions,Tomatoes,Black Olives,Mushrooms,17.99
BBQ Chicken,Specialty,Thin Crust,BBQ Sauce,Mozzarella,Grilled Chicken,Red Onions,16.99
Hawaiian,Classic,Thin Crust,Tomato Sauce,Mozzarella,Ham,Pineapple,Extra Mozzarella,15.99