Name,Description,Price
Combination,"Pepperoni, sausage, mushrooms, green peppers, and black olives on a classic tomato base",19.99
Meat Lovers,"Pepperoni, sausage, ham, bacon, and extra cheese on a robust tomato base",19.99
Garden Fresh,"A vegetarian delight with bell peppers, onions, tomatoes, black olives, and fresh mushrooms",17.99
BBQ Chicken,"Tangy BBQ sauce base topped with grilled chicken, red onions, and mozzarella",16.99
Hawaiian,"Classic pairing of ham, pineapple chunks, and extra cheese on a tomato base",15.99